run_id,experiment,model,n_classes,split,seed,epochs_trained,map50,map50_95,precision,recall,f1,onset_err_ms,offset_err_ms,flow_err_hz,fhigh_err_hz,train_time_min,notes
threshold,E2-reference,threshold,5,val,,,1.0,1.0,1.0,1.0,1.0,0.0242540453074209,0.020680622977518,0.0006430339805788,0.0007783252427159,,
e1_lr1e-3,E1,yolo11n,5,val,0.0,77.0,0.95393705368042,0.7911979556083679,0.8678678678678678,0.9352750809061487,0.9003115264797508,16.32712002595157,10.79832179930798,0.218342491349481,0.2928455190311417,34.1,
e1_batch32,E1,yolo11n,5,val,0.0,100.0,0.9528651237487792,0.8127819895744324,0.8147138964577657,0.9676375404530744,0.8846153846153847,8.793263586956547,10.345524456521776,0.2081674414715714,0.24037856187291,43.0,"re-run with workers=1 after the first attempt crashed (DataLoader worker died, host RAM/commit exhausted)"
e1_imgsz512,E1,yolo11n,5,val,0.0,80.0,0.9584327340126038,0.7478404641151428,0.8278688524590164,0.9805825242718448,0.8977777777777779,15.79817223597362,13.785615099009922,0.330233168316832,0.3755330940594062,22.6,
e1_ep50,E1,yolo11n,5,val,0.0,50.0,0.9727734327316284,0.790355920791626,0.8347107438016529,0.9805825242718448,0.9017857142857142,10.190986386138608,10.043864892739302,0.2607670544554453,0.3142511881188121,16.9,
e1_adamw,E1,yolo11n,5,val,0.0,93.0,0.955716609954834,0.7731682062149048,0.8380681818181818,0.9546925566343042,0.8925869894099849,12.037206779660975,16.97146970338987,0.2332616949152537,0.331377483050847,28.1,
e2_frcnn,E2,frcnn,5,val,0.0,20.0,0.9330375790596008,0.6793063282966614,0.7480519480519481,0.9320388349514565,0.829971181556196,32.346852213541645,25.48620095486117,0.3018057812500002,0.4030581249999996,113.6,
e2_frcnn,E2,frcnn,5,test,0.0,20.0,0.8365026712417603,0.5961397886276245,0.6951268626661297,0.884674525884162,0.778529544429409,31.831052179895853,32.377081836616675,0.3042166468713781,0.4154984269988402,113.6,
threshold,E2-reference,threshold,5,test,,,1.0,1.0,1.0,1.0,1.0,0.0244845271655166,0.0176217965148283,0.0005200717580704,0.0007890338288046,,
e1_baseline,E1,yolo11n,5,val,0.0,100.0,0.9735777974128724,0.8146242499351501,0.8347107438016529,0.9805825242718448,0.9017857142857142,11.760344884488466,10.898783828382806,0.2356688613861384,0.2831457920792077,28.2,
e2_yolo11s,E2,yolo11s,5,val,0.0,100.0,0.9665594696998596,0.8297059535980225,0.8527777777777777,0.9935275080906149,0.9177877428998504,8.93857451140067,9.647820846905551,0.1943301547231265,0.231400993485342,48.9,
e1_baseline,E1,yolo11n,5,test,0.0,100.0,0.9246716499328612,0.7347961664199829,0.8120171673819743,0.9697590978985136,0.8839056295258116,18.014346756078183,20.90148004756875,0.222887747093024,0.3134500806025367,28.2,
e2_yolo11s,E2,yolo11s,5,test,0.0,100.0,0.9368231892585754,0.7774426341056824,0.806204844878878,0.9723218862121988,0.8815055762081785,17.193542073009986,20.259564147337937,0.1977169649446493,0.2614589430680019,48.9,
threshold_2class,E3-reference,threshold,2,test,,,1.0,1.0,1.0,1.0,1.0,0.0232153755868082,0.0242427621286237,0.0006408098591515,0.000838838028169,,
e3_2class,E3,yolo11n,2,val,0.0,88.0,0.9679557085037231,0.8550580143928528,0.9090909090909092,0.970873786407767,0.9389671361502346,12.10101750000002,12.585202500000062,0.3865765500000002,0.4085612999999996,16.2,
e3_2class,E3,yolo11n,2,test,0.0,88.0,0.9655824303627014,0.8262953758239746,0.9063444108761328,0.9389671361502347,0.9223674096848578,13.5155177083333,18.09795677083333,0.2719734375000001,0.3802056000000001,16.2,
e1_baseline_snr10,E4,yolo11n,5,test,0.0,100.0,0.1567301899194717,0.0705240964889526,0.3898868928809048,0.3003587903639159,0.3393167342211928,77.40938737201351,64.12640166382256,0.3337134726962449,1.5094680972696224,28.2,
threshold_snr10,E4,threshold,5,test,,,0.1683861315250396,0.0825282335281372,0.4527687296416938,0.2849820604818042,0.3497955331865366,72.07064242356118,57.6535109037775,0.2376591232014365,1.4534839343525212,,
e1_baseline_snr5,E4,yolo11n,5,test,0.0,100.0,0.0371705293655395,0.0140415616333484,0.2264150943396226,0.0984110712455151,0.1371918542336548,96.43358105468754,67.85365234375003,0.2854744921874989,2.0905270312500006,28.2,
threshold_snr5,E4,threshold,5,test,,,0.0314038209617137,0.0128008583560585,0.2380261248185776,0.0840594566888775,0.1242424242424242,100.75644054878052,52.32269131097603,0.1771197256097531,1.866130381097562,,
e1_baseline_snr0,E4,yolo11n,5,test,0.0,100.0,0.0053731743246316,0.002893395256251,0.0970149253731343,0.026652998462327,0.0418174507438681,122.1776093750002,47.24484374999981,0.047522163461536,1.378186875,28.2,
threshold_snr0,E4,threshold,5,test,,,0.006827710196375847,0.0020625614561140537,0.1050328227571116,0.02460276781137878,0.03986710963455149,136.41333333333347,11.004990885417044,0.00015328124999830495,1.1044195312500011,,
