cue_class,C5,C3,Cz,C4,C6,variant
ERD_left_hand,0.949,0.956,0.96,0.955,0.967,V0_concept
ERD_right_hand,0.97,0.959,0.953,0.929,0.958,V0_concept
ERD_feet,0.932,0.895,0.901,0.885,0.956,V0_concept
ERD_tongue,0.922,0.866,0.914,0.849,0.917,V0_concept
ERD_left_hand,0.998,0.991,0.997,0.993,0.995,V1_pct
ERD_right_hand,0.993,0.988,0.993,0.981,0.997,V1_pct
ERD_feet,0.988,0.962,0.983,0.967,0.995,V1_pct
ERD_tongue,0.986,0.959,0.988,0.958,0.986,V1_pct
ERD_left_hand,0.512,0.636,0.582,0.621,0.514,V2_pct_dom
ERD_right_hand,0.496,0.733,0.623,0.56,0.596,V2_pct_dom
ERD_feet,0.655,0.669,0.706,0.65,0.65,V2_pct_dom
ERD_tongue,0.714,0.665,0.763,0.673,0.704,V2_pct_dom
ERD_left_hand,0.306,0.334,0.33,0.367,0.308,V3_z2
ERD_right_hand,0.325,0.398,0.32,0.262,0.277,V3_z2
ERD_feet,0.249,0.202,0.254,0.211,0.253,V3_z2
ERD_tongue,0.239,0.191,0.196,0.159,0.206,V3_z2
ERD_left_hand,0.003,0.023,0.007,0.023,0.003,V4_z2.5
ERD_right_hand,0.003,0.042,0.002,0.003,0.002,V4_z2.5
ERD_feet,0.0,0.01,0.0,0.0,0.0,V4_z2.5
ERD_tongue,0.0,0.0,0.0,0.0,0.002,V4_z2.5
ERD_left_hand,0.0,0.0,0.0,0.0,0.0,V5_z3
ERD_right_hand,0.0,0.0,0.0,0.0,0.0,V5_z3
ERD_feet,0.0,0.0,0.0,0.0,0.0,V5_z3
ERD_tongue,0.0,0.0,0.0,0.0,0.0,V5_z3
ERD_left_hand,0.29,0.316,0.316,0.339,0.273,V6_z2_dom
ERD_right_hand,0.291,0.387,0.315,0.217,0.267,V6_z2_dom
ERD_feet,0.24,0.195,0.247,0.197,0.246,V6_z2_dom
ERD_tongue,0.234,0.19,0.195,0.157,0.205,V6_z2_dom
ERD_left_hand,0.003,0.023,0.007,0.023,0.003,V7_z2.5_dom
ERD_right_hand,0.003,0.042,0.002,0.002,0.002,V7_z2.5_dom
ERD_feet,0.0,0.01,0.0,0.0,0.0,V7_z2.5_dom
ERD_tongue,0.0,0.0,0.0,0.0,0.002,V7_z2.5_dom
ERD_left_hand,0.0,0.0,0.0,0.0,0.0,V8_z3_dom
ERD_right_hand,0.0,0.0,0.0,0.0,0.0,V8_z3_dom
ERD_feet,0.0,0.0,0.0,0.0,0.0,V8_z3_dom
ERD_tongue,0.0,0.0,0.0,0.0,0.0,V8_z3_dom
ERD_left_hand,0.818,0.832,0.83,0.839,0.815,V9_zdb2
ERD_right_hand,0.858,0.849,0.843,0.787,0.785,V9_zdb2
ERD_feet,0.753,0.723,0.742,0.716,0.786,V9_zdb2
ERD_tongue,0.716,0.648,0.731,0.665,0.745,V9_zdb2
ERD_left_hand,0.65,0.684,0.696,0.715,0.656,V10_zdb2.5
ERD_right_hand,0.668,0.726,0.68,0.653,0.618,V10_zdb2.5
ERD_feet,0.547,0.566,0.592,0.53,0.599,V10_zdb2.5
ERD_tongue,0.579,0.477,0.545,0.511,0.553,V10_zdb2.5
ERD_left_hand,0.435,0.544,0.526,0.563,0.451,V11_zdb3
ERD_right_hand,0.491,0.58,0.516,0.469,0.418,V11_zdb3
ERD_feet,0.394,0.404,0.415,0.369,0.39,V11_zdb3
ERD_tongue,0.364,0.359,0.362,0.34,0.335,V11_zdb3
ERD_left_hand,0.626,0.682,0.68,0.684,0.621,V12_zdb2_dom
ERD_right_hand,0.618,0.79,0.711,0.597,0.633,V12_zdb2_dom
ERD_feet,0.639,0.632,0.683,0.625,0.676,V12_zdb2_dom
ERD_tongue,0.657,0.591,0.692,0.607,0.687,V12_zdb2_dom
ERD_left_hand,0.523,0.594,0.605,0.614,0.516,V13_zdb2.5_dom
ERD_right_hand,0.508,0.687,0.601,0.516,0.526,V13_zdb2.5_dom
ERD_feet,0.493,0.512,0.557,0.49,0.531,V13_zdb2.5_dom
ERD_tongue,0.54,0.45,0.523,0.494,0.523,V13_zdb2.5_dom
ERD_left_hand,0.367,0.47,0.469,0.488,0.35,V14_zdb3_dom
ERD_right_hand,0.408,0.56,0.465,0.369,0.371,V14_zdb3_dom
ERD_feet,0.361,0.371,0.397,0.338,0.357,V14_zdb3_dom
ERD_tongue,0.35,0.343,0.35,0.333,0.33,V14_zdb3_dom
