variant,smoothing,threshold,min_duration_s,max_components,dominance,n_trials,erd_candidates,erd_valid_panel_pct,erd_not_dominant,valid_pct_ERD_left_hand,valid_pct_ERD_right_hand,valid_pct_ERD_feet,valid_pct_ERD_tongue,n_ERD_left_hand,n_ERD_right_hand,n_ERD_feet,n_ERD_tongue,n_ERS_rebound,background_pct,no_erd_box_pct,ers_per_image,noise_base_erd_pct,noise_base_ers_pct
V0_concept,2.0 Hz x 0.4 s,percent -20.0/20.0,0.2,,False,2328,17969,24.63,0,18.97,18.75,19.54,41.75,849,875,865,1837,13778,0.0,4.9,5.92,11.88,19.08
V1_pct,1.5 Hz x 0.15 s,percent -20.0/20.0,0.5,1.0,False,2328,11464,25.14,0,19.96,19.95,20.08,40.44,568,584,564,1166,10321,0.0,0.95,4.43,30.64,27.51
V2_pct_dom,1.5 Hz x 0.15 s,percent -20.0/20.0,0.5,1.0,True,2328,7407,27.42,4057,21.66,24.37,21.19,40.29,355,433,405,838,10321,0.0,25.99,4.43,30.64,27.51
V3_z2,1.5 Hz x 0.15 s,zscore[percent] k=2.0,0.5,1.0,False,2328,3133,27.26,0,22.32,25.13,21.76,44.88,210,235,146,263,7570,1.12,65.03,3.25,30.64,27.51
V4_z2.5,1.5 Hz x 0.15 s,zscore[percent] k=2.5,0.5,1.0,False,2328,72,54.17,0,38.24,80.65,0.0,100.0,13,25,0,1,6642,4.42,98.32,2.85,30.64,27.51
V5_z3,1.5 Hz x 0.15 s,zscore[percent] k=3.0,0.5,1.0,False,2328,0,,0,,,,,0,0,0,0,5763,7.69,100.0,2.48,30.64,27.51
V6_z2_dom,1.5 Hz x 0.15 s,zscore[percent] k=2.0,0.5,1.0,True,2328,2976,27.69,157,22.1,26.23,21.98,44.73,194,229,142,259,7570,1.2,66.28,3.25,30.64,27.51
V7_z2.5_dom,1.5 Hz x 0.15 s,zscore[percent] k=2.5,0.5,1.0,True,2328,71,54.93,1,38.24,83.33,0.0,100.0,13,25,0,1,6642,4.42,98.32,2.85,30.64,27.51
V8_z3_dom,1.5 Hz x 0.15 s,zscore[percent] k=3.0,0.5,1.0,True,2328,0,,0,,,,,0,0,0,0,5763,7.69,100.0,2.48,30.64,27.51
V9_zdb2,1.5 Hz x 0.15 s,zscore[db] k=2.0,0.5,1.0,False,2328,9007,25.21,0,20.3,20.61,19.95,41.67,480,502,426,863,6202,0.34,16.67,2.66,30.64,27.51
V10_zdb2.5,1.5 Hz x 0.15 s,zscore[db] k=2.5,0.5,1.0,False,2328,7124,25.93,0,21.03,21.7,20.9,42.48,409,429,340,669,4477,2.41,29.85,1.92,30.64,27.51
V11_zdb3,1.5 Hz x 0.15 s,zscore[db] k=3.0,0.5,1.0,False,2328,5075,25.93,0,22.35,23.46,21.02,39.71,322,343,238,413,2995,11.55,47.08,1.29,30.64,27.51
V12_zdb2_dom,1.5 Hz x 0.15 s,zscore[db] k=2.0,0.5,1.0,True,2328,7642,26.75,1365,20.76,23.6,20.97,41.55,391,467,392,794,6202,1.03,24.01,2.66,30.64,27.51
V13_zdb2.5_dom,1.5 Hz x 0.15 s,zscore[db] k=2.5,0.5,1.0,True,2328,6286,27.12,838,21.52,24.21,21.58,42.01,351,406,320,628,4477,3.39,34.66,1.92,30.64,27.51
V14_zdb3_dom,1.5 Hz x 0.15 s,zscore[db] k=3.0,0.5,1.0,True,2328,4566,27.16,509,22.76,25.78,21.78,39.84,279,331,228,402,2995,12.8,50.13,1.29,30.64,27.51
