run_id,split,subject,n_groups,accuracy,kappa,no_decision_pct
threshold,val,A01,40.0,0.025,-0.3,95.0
threshold,val,A02,40.0,0.0,-0.3333333333333333,100.0
threshold,val,A03,40.0,0.5,0.3333333333333333,50.0
threshold,val,A04,40.0,0.0,-0.3333333333333333,100.0
threshold,val,A05,40.0,0.05,-0.2666666666666666,72.5
threshold,val,A06,40.0,0.075,-0.2333333333333333,72.5
threshold,val,A07,40.0,0.45,0.2666666666666666,25.0
threshold,val,A08,40.0,0.175,-0.1,62.5
threshold,val,A09,40.0,0.175,-0.1,52.5
threshold,val,all,360.0,0.1611111111111111,-0.1185185185185185,70.0
e1_lr1e-3,val,A01,40.0,0.025,-0.3,95.0
e1_lr1e-3,val,A02,40.0,0.0,-0.3333333333333333,100.0
e1_lr1e-3,val,A03,40.0,0.425,0.2333333333333333,47.5
e1_lr1e-3,val,A04,40.0,0.0,-0.3333333333333333,97.5
e1_lr1e-3,val,A05,40.0,0.025,-0.3,67.5
e1_lr1e-3,val,A06,40.0,0.05,-0.2666666666666666,75.0
e1_lr1e-3,val,A07,40.0,0.475,0.3,25.0
e1_lr1e-3,val,A08,40.0,0.175,-0.1,57.49999999999999
e1_lr1e-3,val,A09,40.0,0.125,-0.1666666666666666,52.5
e1_lr1e-3,val,all,360.0,0.1444444444444444,-0.1407407407407407,68.61111111111111
e1_batch32,val,A01,40.0,0.025,-0.3,95.0
e1_batch32,val,A02,40.0,0.0,-0.3333333333333333,100.0
e1_batch32,val,A03,40.0,0.35,0.1333333333333333,47.5
e1_batch32,val,A04,40.0,0.0,-0.3333333333333333,97.5
e1_batch32,val,A05,40.0,0.075,-0.2333333333333333,67.5
e1_batch32,val,A06,40.0,0.05,-0.2666666666666666,72.5
e1_batch32,val,A07,40.0,0.4,0.2,22.5
e1_batch32,val,A08,40.0,0.125,-0.1666666666666666,57.49999999999999
e1_batch32,val,A09,40.0,0.1,-0.1999999999999999,50.0
e1_batch32,val,all,360.0,0.125,-0.1666666666666666,67.77777777777779
e1_imgsz512,val,A01,40.0,0.025,-0.3,95.0
e1_imgsz512,val,A02,40.0,0.0,-0.3333333333333333,100.0
e1_imgsz512,val,A03,40.0,0.3,0.0666666666666666,47.5
e1_imgsz512,val,A04,40.0,0.0,-0.3333333333333333,97.5
e1_imgsz512,val,A05,40.0,0.05,-0.2666666666666666,70.0
e1_imgsz512,val,A06,40.0,0.1,-0.1999999999999999,70.0
e1_imgsz512,val,A07,40.0,0.35,0.1333333333333333,25.0
e1_imgsz512,val,A08,40.0,0.175,-0.1,62.5
e1_imgsz512,val,A09,40.0,0.175,-0.1,45.0
e1_imgsz512,val,all,360.0,0.1305555555555555,-0.1592592592592592,68.05555555555556
e1_ep50,val,A01,40.0,0.025,-0.3,95.0
e1_ep50,val,A02,40.0,0.0,-0.3333333333333333,100.0
e1_ep50,val,A03,40.0,0.375,0.1666666666666666,47.5
e1_ep50,val,A04,40.0,0.0,-0.3333333333333333,97.5
e1_ep50,val,A05,40.0,0.05,-0.2666666666666666,67.5
e1_ep50,val,A06,40.0,0.075,-0.2333333333333333,67.5
e1_ep50,val,A07,40.0,0.35,0.1333333333333333,22.5
e1_ep50,val,A08,40.0,0.175,-0.1,57.49999999999999
e1_ep50,val,A09,40.0,0.125,-0.1666666666666666,42.5
e1_ep50,val,all,360.0,0.1305555555555555,-0.1592592592592592,66.38888888888889
e1_adamw,val,A01,40.0,0.025,-0.3,95.0
e1_adamw,val,A02,40.0,0.0,-0.3333333333333333,100.0
e1_adamw,val,A03,40.0,0.425,0.2333333333333333,47.5
e1_adamw,val,A04,40.0,0.0,-0.3333333333333333,97.5
e1_adamw,val,A05,40.0,0.05,-0.2666666666666666,67.5
e1_adamw,val,A06,40.0,0.075,-0.2333333333333333,70.0
e1_adamw,val,A07,40.0,0.4,0.2,25.0
e1_adamw,val,A08,40.0,0.2,-0.0666666666666666,62.5
e1_adamw,val,A09,40.0,0.175,-0.1,47.5
e1_adamw,val,all,360.0,0.15,-0.1333333333333333,68.05555555555556
e2_frcnn,val,A01,40.0,0.025,-0.3,95.0
e2_frcnn,val,A02,40.0,0.0,-0.3333333333333333,100.0
e2_frcnn,val,A03,40.0,0.5,0.3333333333333333,47.5
e2_frcnn,val,A04,40.0,0.0,-0.3333333333333333,97.5
e2_frcnn,val,A05,40.0,0.025,-0.3,75.0
e2_frcnn,val,A06,40.0,0.1,-0.1999999999999999,72.5
e2_frcnn,val,A07,40.0,0.375,0.1666666666666666,22.5
e2_frcnn,val,A08,40.0,0.175,-0.1,60.0
e2_frcnn,val,A09,40.0,0.125,-0.1666666666666666,47.5
e2_frcnn,val,all,360.0,0.1472222222222222,-0.137037037037037,68.61111111111111
e2_frcnn,test,A01,200.0,0.06,-0.2533333333333333,74.5
e2_frcnn,test,A02,200.0,0.0,-0.3333333333333333,99.5
e2_frcnn,test,A03,200.0,0.4,0.2,46.0
e2_frcnn,test,A04,200.0,0.02,-0.3066666666666667,91.5
e2_frcnn,test,A05,200.0,0.0,-0.3333333333333333,98.0
e2_frcnn,test,A06,200.0,0.095,-0.2066666666666666,79.0
e2_frcnn,test,A07,200.0,0.425,0.2333333333333333,22.0
e2_frcnn,test,A08,200.0,0.305,0.0733333333333333,60.5
e2_frcnn,test,A09,200.0,0.09,-0.2133333333333333,53.0
e2_frcnn,test,all,1800.0,0.155,-0.1266666666666666,69.33333333333334
threshold,test,A01,200.0,0.13,-0.16,72.0
threshold,test,A02,200.0,0.0,-0.3333333333333333,100.0
threshold,test,A03,200.0,0.485,0.3133333333333333,46.5
threshold,test,A04,200.0,0.015,-0.3133333333333333,90.5
threshold,test,A05,200.0,0.005,-0.3266666666666666,95.5
threshold,test,A06,200.0,0.105,-0.1933333333333333,78.5
threshold,test,A07,200.0,0.65,0.5333333333333333,21.0
threshold,test,A08,200.0,0.365,0.1533333333333333,57.99999999999999
threshold,test,A09,200.0,0.07,-0.24,51.5
threshold,test,all,1800.0,0.2027777777777777,-0.0629629629629629,68.16666666666666
e1_baseline,val,A01,40.0,0.025,-0.3,95.0
e1_baseline,val,A02,40.0,0.0,-0.3333333333333333,100.0
e1_baseline,val,A03,40.0,0.425,0.2333333333333333,45.0
e1_baseline,val,A04,40.0,0.0,-0.3333333333333333,97.5
e1_baseline,val,A05,40.0,0.075,-0.2333333333333333,67.5
e1_baseline,val,A06,40.0,0.075,-0.2333333333333333,67.5
e1_baseline,val,A07,40.0,0.45,0.2666666666666666,22.5
e1_baseline,val,A08,40.0,0.15,-0.1333333333333333,60.0
e1_baseline,val,A09,40.0,0.1,-0.1999999999999999,45.0
e1_baseline,val,all,360.0,0.1444444444444444,-0.1407407407407407,66.66666666666666
e2_yolo11s,val,A01,40.0,0.025,-0.3,95.0
e2_yolo11s,val,A02,40.0,0.0,-0.3333333333333333,100.0
e2_yolo11s,val,A03,40.0,0.35,0.1333333333333333,47.5
e2_yolo11s,val,A04,40.0,0.0,-0.3333333333333333,97.5
e2_yolo11s,val,A05,40.0,0.075,-0.2333333333333333,67.5
e2_yolo11s,val,A06,40.0,0.075,-0.2333333333333333,67.5
e2_yolo11s,val,A07,40.0,0.475,0.3,22.5
e2_yolo11s,val,A08,40.0,0.175,-0.1,57.49999999999999
e2_yolo11s,val,A09,40.0,0.2,-0.0666666666666666,47.5
e2_yolo11s,val,all,360.0,0.1527777777777778,-0.1296296296296296,66.94444444444444
e1_baseline,test,A01,200.0,0.115,-0.18,71.5
e1_baseline,test,A02,200.0,0.0,-0.3333333333333333,99.5
e1_baseline,test,A03,200.0,0.36,0.1466666666666666,46.0
e1_baseline,test,A04,200.0,0.015,-0.3133333333333333,89.0
e1_baseline,test,A05,200.0,0.01,-0.32,94.0
e1_baseline,test,A06,200.0,0.13,-0.16,74.5
e1_baseline,test,A07,200.0,0.43,0.24,21.0
e1_baseline,test,A08,200.0,0.33,0.1066666666666666,57.99999999999999
e1_baseline,test,A09,200.0,0.085,-0.2199999999999999,52.0
e1_baseline,test,all,1800.0,0.1638888888888889,-0.1148148148148148,67.27777777777779
e2_yolo11s,test,A01,200.0,0.135,-0.1533333333333333,71.5
e2_yolo11s,test,A02,200.0,0.0,-0.3333333333333333,99.5
e2_yolo11s,test,A03,200.0,0.36,0.1466666666666666,46.5
e2_yolo11s,test,A04,200.0,0.02,-0.3066666666666667,89.0
e2_yolo11s,test,A05,200.0,0.005,-0.3266666666666666,95.0
e2_yolo11s,test,A06,200.0,0.11,-0.1866666666666666,75.5
e2_yolo11s,test,A07,200.0,0.445,0.26,21.0
e2_yolo11s,test,A08,200.0,0.345,0.1266666666666666,57.49999999999999
e2_yolo11s,test,A09,200.0,0.085,-0.2199999999999999,51.5
e2_yolo11s,test,all,1800.0,0.1672222222222222,-0.1103703703703703,67.44444444444444
csp_lda,test,A01,200.0,0.865,0.82,0.0
csp_lda,test,A02,200.0,0.365,0.1533333333333333,0.0
csp_lda,test,A03,200.0,0.815,0.7533333333333333,0.0
csp_lda,test,A04,200.0,0.725,0.6333333333333333,0.0
csp_lda,test,A05,200.0,0.43,0.24,0.0
csp_lda,test,A06,200.0,0.625,0.5,0.0
csp_lda,test,A07,200.0,0.72,0.6266666666666666,0.0
csp_lda,test,A08,200.0,0.94,0.92,0.0
csp_lda,test,A09,200.0,0.975,0.9666666666666668,0.0
csp_lda,test,all,1800.0,0.7177777777777777,0.6237037037037036,0.0
e2_best_seed2,val,A01,40.0,0.025,-0.3,95.0
e2_best_seed2,val,A02,40.0,0.0,-0.3333333333333333,100.0
e2_best_seed2,val,A03,40.0,0.425,0.2333333333333333,45.0
e2_best_seed2,val,A04,40.0,0.0,-0.3333333333333333,100.0
e2_best_seed2,val,A05,40.0,0.05,-0.2666666666666666,67.5
e2_best_seed2,val,A06,40.0,0.075,-0.2333333333333333,72.5
e2_best_seed2,val,A07,40.0,0.325,0.1,22.5
e2_best_seed2,val,A08,40.0,0.2,-0.0666666666666666,60.0
e2_best_seed2,val,A09,40.0,0.15,-0.1333333333333333,45.0
e2_best_seed2,val,all,360.0,0.1388888888888889,-0.1481481481481481,67.5
e2_best_seed2,test,A01,200.0,0.145,-0.14,71.5
e2_best_seed2,test,A02,200.0,0.0,-0.3333333333333333,100.0
e2_best_seed2,test,A03,200.0,0.375,0.1666666666666666,46.0
e2_best_seed2,test,A04,200.0,0.015,-0.3133333333333333,91.0
e2_best_seed2,test,A05,200.0,0.005,-0.3266666666666666,94.5
e2_best_seed2,test,A06,200.0,0.11,-0.1866666666666666,78.5
e2_best_seed2,test,A07,200.0,0.365,0.1533333333333333,21.5
e2_best_seed2,test,A08,200.0,0.335,0.1133333333333333,57.49999999999999
e2_best_seed2,test,A09,200.0,0.095,-0.2066666666666666,52.0
e2_best_seed2,test,all,1800.0,0.1605555555555555,-0.1192592592592592,68.05555555555556
e1_baseline_snr30,test,A01,200.0,0.15,-0.1333333333333333,70.5
e1_baseline_snr30,test,A02,200.0,0.0,-0.3333333333333333,99.5
e1_baseline_snr30,test,A03,200.0,0.35,0.1333333333333333,47.5
e1_baseline_snr30,test,A04,200.0,0.015,-0.3133333333333333,88.5
e1_baseline_snr30,test,A05,200.0,0.005,-0.3266666666666666,95.5
e1_baseline_snr30,test,A06,200.0,0.14,-0.1466666666666666,75.0
e1_baseline_snr30,test,A07,200.0,0.425,0.2333333333333333,20.5
e1_baseline_snr30,test,A08,200.0,0.335,0.1133333333333333,56.49999999999999
e1_baseline_snr30,test,A09,200.0,0.08,-0.2266666666666666,51.5
e1_baseline_snr30,test,all,1800.0,0.1666666666666666,-0.1111111111111111,67.22222222222223
threshold_snr30,test,A01,200.0,0.16,-0.12,72.0
threshold_snr30,test,A02,200.0,0.0,-0.3333333333333333,99.5
threshold_snr30,test,A03,200.0,0.495,0.3266666666666666,47.5
threshold_snr30,test,A04,200.0,0.015,-0.3133333333333333,90.0
threshold_snr30,test,A05,200.0,0.0,-0.3333333333333333,97.0
threshold_snr30,test,A06,200.0,0.125,-0.1666666666666666,76.5
threshold_snr30,test,A07,200.0,0.66,0.5466666666666667,22.0
threshold_snr30,test,A08,200.0,0.35,0.1333333333333333,56.99999999999999
threshold_snr30,test,A09,200.0,0.07,-0.24,53.5
threshold_snr30,test,all,1800.0,0.2083333333333333,-0.0555555555555555,68.33333333333333
e1_baseline_snr20,test,A01,200.0,0.105,-0.1933333333333333,77.5
e1_baseline_snr20,test,A02,200.0,0.0,-0.3333333333333333,99.5
e1_baseline_snr20,test,A03,200.0,0.34,0.12,46.0
e1_baseline_snr20,test,A04,200.0,0.015,-0.3133333333333333,90.5
e1_baseline_snr20,test,A05,200.0,0.01,-0.32,95.0
e1_baseline_snr20,test,A06,200.0,0.12,-0.1733333333333333,76.5
e1_baseline_snr20,test,A07,200.0,0.425,0.2333333333333333,20.0
e1_baseline_snr20,test,A08,200.0,0.32,0.0933333333333333,56.49999999999999
e1_baseline_snr20,test,A09,200.0,0.055,-0.26,54.0
e1_baseline_snr20,test,all,1800.0,0.1544444444444444,-0.1274074074074074,68.38888888888889
threshold_snr20,test,A01,200.0,0.12,-0.1733333333333333,77.5
threshold_snr20,test,A02,200.0,0.0,-0.3333333333333333,100.0
threshold_snr20,test,A03,200.0,0.485,0.3133333333333333,46.0
threshold_snr20,test,A04,200.0,0.02,-0.3066666666666667,90.5
threshold_snr20,test,A05,200.0,0.01,-0.32,96.0
threshold_snr20,test,A06,200.0,0.12,-0.1733333333333333,77.0
threshold_snr20,test,A07,200.0,0.6,0.4666666666666666,22.0
threshold_snr20,test,A08,200.0,0.33,0.1066666666666666,60.0
threshold_snr20,test,A09,200.0,0.055,-0.26,56.49999999999999
threshold_snr20,test,all,1800.0,0.1933333333333333,-0.0755555555555555,69.5
e1_baseline_snr15,test,A01,200.0,0.055,-0.26,84.0
e1_baseline_snr15,test,A02,200.0,0.0,-0.3333333333333333,100.0
e1_baseline_snr15,test,A03,200.0,0.335,0.1133333333333333,47.0
e1_baseline_snr15,test,A04,200.0,0.025,-0.3,91.0
e1_baseline_snr15,test,A05,200.0,0.0,-0.3333333333333333,97.0
e1_baseline_snr15,test,A06,200.0,0.095,-0.2066666666666666,80.0
e1_baseline_snr15,test,A07,200.0,0.415,0.2199999999999999,24.5
e1_baseline_snr15,test,A08,200.0,0.24,-0.0133333333333333,67.0
e1_baseline_snr15,test,A09,200.0,0.065,-0.2466666666666666,57.49999999999999
e1_baseline_snr15,test,all,1800.0,0.1366666666666666,-0.1511111111111111,72.0
threshold_snr15,test,A01,200.0,0.05,-0.2666666666666666,85.5
threshold_snr15,test,A02,200.0,0.0,-0.3333333333333333,100.0
threshold_snr15,test,A03,200.0,0.44,0.2533333333333333,46.5
threshold_snr15,test,A04,200.0,0.015,-0.3133333333333333,93.0
threshold_snr15,test,A05,200.0,0.0,-0.3333333333333333,97.0
threshold_snr15,test,A06,200.0,0.085,-0.2199999999999999,83.0
threshold_snr15,test,A07,200.0,0.57,0.4266666666666666,24.5
threshold_snr15,test,A08,200.0,0.265,0.02,67.5
threshold_snr15,test,A09,200.0,0.075,-0.2333333333333333,58.5
threshold_snr15,test,all,1800.0,0.1666666666666666,-0.1111111111111111,72.83333333333334
e1_baseline_snr10,test,A01,200.0,0.005,-0.3266666666666666,90.5
e1_baseline_snr10,test,A02,200.0,0.0,-0.3333333333333333,100.0
e1_baseline_snr10,test,A03,200.0,0.325,0.1,55.00000000000001
e1_baseline_snr10,test,A04,200.0,0.005,-0.3266666666666666,94.0
e1_baseline_snr10,test,A05,200.0,0.005,-0.3266666666666666,97.5
e1_baseline_snr10,test,A06,200.0,0.035,-0.2866666666666667,92.0
e1_baseline_snr10,test,A07,200.0,0.355,0.1399999999999999,39.0
e1_baseline_snr10,test,A08,200.0,0.13,-0.16,80.0
e1_baseline_snr10,test,A09,200.0,0.07,-0.24,59.0
e1_baseline_snr10,test,all,1800.0,0.1033333333333333,-0.1955555555555555,78.55555555555556
threshold_snr10,test,A01,200.0,0.005,-0.3266666666666666,91.5
threshold_snr10,test,A02,200.0,0.0,-0.3333333333333333,100.0
threshold_snr10,test,A03,200.0,0.34,0.12,55.00000000000001
threshold_snr10,test,A04,200.0,0.005,-0.3266666666666666,94.5
threshold_snr10,test,A05,200.0,0.005,-0.3266666666666666,97.5
threshold_snr10,test,A06,200.0,0.03,-0.2933333333333333,92.5
threshold_snr10,test,A07,200.0,0.375,0.1666666666666666,41.0
threshold_snr10,test,A08,200.0,0.11,-0.1866666666666666,82.0
threshold_snr10,test,A09,200.0,0.08,-0.2266666666666666,59.0
threshold_snr10,test,all,1800.0,0.1055555555555555,-0.1925925925925925,79.22222222222223
e1_baseline_snr5,test,A01,200.0,0.015,-0.3133333333333333,90.0
e1_baseline_snr5,test,A02,200.0,0.0,-0.3333333333333333,100.0
e1_baseline_snr5,test,A03,200.0,0.25,0.0,65.0
e1_baseline_snr5,test,A04,200.0,0.005,-0.3266666666666666,97.0
e1_baseline_snr5,test,A05,200.0,0.0,-0.3333333333333333,100.0
e1_baseline_snr5,test,A06,200.0,0.02,-0.3066666666666667,96.0
e1_baseline_snr5,test,A07,200.0,0.12,-0.1733333333333333,80.5
e1_baseline_snr5,test,A08,200.0,0.015,-0.3133333333333333,96.0
e1_baseline_snr5,test,A09,200.0,0.045,-0.2733333333333334,69.0
e1_baseline_snr5,test,all,1800.0,0.0522222222222222,-0.2637037037037037,88.16666666666667
threshold_snr5,test,A01,200.0,0.015,-0.3133333333333333,91.0
threshold_snr5,test,A02,200.0,0.0,-0.3333333333333333,100.0
threshold_snr5,test,A03,200.0,0.26,0.0133333333333333,64.0
threshold_snr5,test,A04,200.0,0.005,-0.3266666666666666,97.0
threshold_snr5,test,A05,200.0,0.005,-0.3266666666666666,99.5
threshold_snr5,test,A06,200.0,0.02,-0.3066666666666667,96.5
threshold_snr5,test,A07,200.0,0.115,-0.18,81.5
threshold_snr5,test,A08,200.0,0.005,-0.3266666666666666,97.5
threshold_snr5,test,A09,200.0,0.11,-0.1866666666666666,68.5
threshold_snr5,test,all,1800.0,0.0594444444444444,-0.254074074074074,88.38888888888889
e1_baseline_snr0,test,A01,200.0,0.0,-0.3333333333333333,99.0
e1_baseline_snr0,test,A02,200.0,0.0,-0.3333333333333333,100.0
e1_baseline_snr0,test,A03,200.0,0.17,-0.1066666666666666,78.5
e1_baseline_snr0,test,A04,200.0,0.005,-0.3266666666666666,98.0
e1_baseline_snr0,test,A05,200.0,0.005,-0.3266666666666666,99.5
e1_baseline_snr0,test,A06,200.0,0.025,-0.3,95.5
e1_baseline_snr0,test,A07,200.0,0.005,-0.3266666666666666,95.5
e1_baseline_snr0,test,A08,200.0,0.015,-0.3133333333333333,97.0
e1_baseline_snr0,test,A09,200.0,0.09,-0.2133333333333333,78.5
e1_baseline_snr0,test,all,1800.0,0.035,-0.2866666666666667,93.5
threshold_snr0,test,A01,200.0,0.0,-0.3333333333333333,99.5
threshold_snr0,test,A02,200.0,0.0,-0.3333333333333333,100.0
threshold_snr0,test,A03,200.0,0.175,-0.1,79.0
threshold_snr0,test,A04,200.0,0.005,-0.3266666666666666,99.0
threshold_snr0,test,A05,200.0,0.005,-0.3266666666666666,99.5
threshold_snr0,test,A06,200.0,0.015,-0.3133333333333333,97.0
threshold_snr0,test,A07,200.0,0.005,-0.3266666666666666,94.5
threshold_snr0,test,A08,200.0,0.005,-0.3266666666666666,97.5
threshold_snr0,test,A09,200.0,0.105,-0.1933333333333333,78.0
threshold_snr0,test,all,1800.0,0.035,-0.2866666666666667,93.7777777777778
e2_best_seed1,val,A01,40.0,0.025,-0.3,95.0
e2_best_seed1,val,A02,40.0,0.0,-0.3333333333333333,100.0
e2_best_seed1,val,A03,40.0,0.425,0.2333333333333333,47.5
e2_best_seed1,val,A04,40.0,0.0,-0.3333333333333333,97.5
e2_best_seed1,val,A05,40.0,0.05,-0.2666666666666666,67.5
e2_best_seed1,val,A06,40.0,0.075,-0.2333333333333333,72.5
e2_best_seed1,val,A07,40.0,0.35,0.1333333333333333,22.5
e2_best_seed1,val,A08,40.0,0.175,-0.1,62.5
e2_best_seed1,val,A09,40.0,0.15,-0.1333333333333333,50.0
e2_best_seed1,val,all,360.0,0.1388888888888889,-0.1481481481481481,68.33333333333333
e2_best_seed1,test,A01,200.0,0.14,-0.14666666666666664,71.0
e2_best_seed1,test,A02,200.0,0.0,-0.3333333333333333,100.0
e2_best_seed1,test,A03,200.0,0.37,0.16,46.5
e2_best_seed1,test,A04,200.0,0.02,-0.3066666666666667,90.0
e2_best_seed1,test,A05,200.0,0.005,-0.32666666666666666,95.0
e2_best_seed1,test,A06,200.0,0.115,-0.18000000000000002,76.5
e2_best_seed1,test,A07,200.0,0.5,0.3333333333333333,21.5
e2_best_seed1,test,A08,200.0,0.29,0.05333333333333331,57.99999999999999
e2_best_seed1,test,A09,200.0,0.1,-0.19999999999999998,51.0
e2_best_seed1,test,all,1800.0,0.1711111111111111,-0.1051851851851852,67.72222222222221
