subject,nominal_snr_db,effective_snr_db
A01,30,23.3089118078547
A01,20,13.308911807854697
A01,15,8.308911807854697
A01,10,3.308911807854698
A01,5,-1.6910881921453016
A01,0,-6.691088192145303
A02,30,19.296408116194645
A02,20,9.296408116194645
A02,15,4.296408116194646
A02,10,-0.7035918838053544
A02,5,-5.703591883805354
A02,0,-10.703591883805355
A03,30,23.002329306475964
A03,20,13.002329306475968
A03,15,8.002329306475966
A03,10,3.0023293064759664
A03,5,-1.997670693524033
A03,0,-6.997670693524033
A04,30,22.679731847069647
A04,20,12.679731847069647
A04,15,7.679731847069647
A04,10,2.6797318470696463
A04,5,-2.3202681529303533
A04,0,-7.320268152930353
A05,30,21.66422734902475
A05,20,11.664227349024747
A05,15,6.664227349024748
A05,10,1.6642273490247477
A05,5,-3.335772650975252
A05,0,-8.335772650975251
A06,30,23.77366716722762
A06,20,13.773667167227623
A06,15,8.773667167227623
A06,10,3.773667167227624
A06,5,-1.2263328327723761
A06,0,-6.226332832772376
A07,30,23.455482816597936
A07,20,13.45548281659794
A07,15,8.45548281659794
A07,10,3.4554828165979394
A07,5,-1.544517183402061
A07,0,-6.544517183402062
A08,30,20.83360257895501
A08,20,10.83360257895501
A08,15,5.833602578955008
A08,10,0.8336025789550079
A08,5,-4.166397421044991
A08,0,-9.16639742104499
A09,30,23.591485743782222
A09,20,13.591485743782222
A09,15,8.591485743782222
A09,10,3.5914857437822216
A09,5,-1.4085142562177777
A09,0,-6.408514256217779
