subject,session,n_trials,no_erd_box_pct,any_match_pct,strongest_match_pct
A01,E,281.0,85.4,3.9,3.6
A01,T,273.0,83.9,4.4,3.7
A02,E,283.0,98.2,0.4,0.4
A02,T,270.0,95.9,2.2,2.2
A03,E,273.0,54.2,39.2,33.7
A03,T,270.0,61.5,32.2,26.7
A04,E,228.0,84.6,7.9,7.0
A04,T,262.0,88.5,1.9,1.9
A05,E,276.0,89.9,2.2,2.2
A05,T,262.0,78.2,5.7,5.7
A06,E,215.0,76.7,10.2,8.4
A06,T,219.0,79.0,8.2,6.4
A07,E,277.0,30.7,57.4,41.9
A07,T,271.0,40.6,41.0,28.8
A08,E,271.0,71.2,16.6,13.7
A08,T,264.0,65.2,15.9,14.0
A09,E,264.0,50.0,34.1,31.1
A09,T,237.0,59.9,23.2,16.9
all,E,2368.0,71.0,19.4,16.0
all,T,2328.0,72.5,15.1,11.9
