dataset,split,n_images,n_background,background_pct,class_name,n_boxes,n_images_with_class,dur_s_mean,dur_s_median,dur_s_p10,dur_s_p90,bw_hz_mean,bw_hz_median,bw_hz_p10,bw_hz_p90
5class,train,1800,1009,56.056,all,1538,791,1.479,1.052,0.58,3.409,8.774,7.0,2.0,20.0
5class,train,1800,1009,56.056,ERD_C4,280,280,2.244,2.244,0.776,3.492,13.75,14.5,5.0,22.0
5class,train,1800,1009,56.056,ERD_C3,307,307,2.221,2.364,0.697,3.5,14.036,16.0,4.0,22.0
5class,train,1800,1009,56.056,ERD_Cz,208,208,1.296,1.11,0.591,2.293,5.514,5.0,2.7,9.0
5class,train,1800,1009,56.056,ERD_lateral,283,231,1.118,0.968,0.577,1.871,5.622,5.0,2.0,10.0
5class,train,1800,1009,56.056,ERS_rebound,460,376,0.822,0.748,0.548,1.209,5.646,5.0,2.0,10.0
5class,val,360,206,57.222,all,309,154,1.365,0.976,0.588,3.177,8.825,6.0,3.0,19.0
5class,val,360,206,57.222,ERD_C4,53,53,2.096,2.108,0.685,3.5,13.264,13.0,5.0,22.0
5class,val,360,206,57.222,ERD_C3,61,61,2.006,1.804,0.656,3.5,13.852,16.0,4.0,21.0
5class,val,360,206,57.222,ERD_Cz,43,43,1.28,1.148,0.662,2.324,5.605,6.0,3.0,8.0
5class,val,360,206,57.222,ERD_lateral,62,51,1.018,0.894,0.6,1.48,6.484,5.0,3.0,16.0
5class,val,360,206,57.222,ERS_rebound,90,77,0.778,0.682,0.543,1.181,5.956,4.5,2.0,13.1
5class,test,1800,913,50.722,all,1951,887,1.572,1.036,0.584,3.5,8.622,6.0,2.0,21.0
5class,test,1800,913,50.722,ERD_C4,352,352,2.347,2.946,0.714,3.5,12.293,10.0,4.0,22.0
5class,test,1800,913,50.722,ERD_C3,345,345,2.398,3.124,0.722,3.5,14.464,18.0,4.0,22.0
5class,test,1800,913,50.722,ERD_Cz,233,233,1.567,1.272,0.58,3.094,6.494,6.0,2.0,11.0
5class,test,1800,913,50.722,ERD_lateral,248,187,1.52,1.154,0.584,3.04,7.496,5.0,2.0,17.0
5class,test,1800,913,50.722,ERS_rebound,773,512,0.869,0.816,0.56,1.292,5.345,4.0,2.0,10.0
2class,train,900,530,58.889,all,553,370,2.319,2.496,0.768,3.5,14.353,16.0,5.0,22.0
2class,train,900,530,58.889,ERD_C4,270,270,2.29,2.35,0.823,3.492,13.967,15.0,5.0,22.0
2class,train,900,530,58.889,ERD_C3,283,283,2.346,2.936,0.729,3.5,14.721,17.0,4.0,22.0
2class,val,180,115,63.889,all,103,65,2.176,2.108,0.73,3.5,14.301,16.0,5.0,22.0
2class,val,180,115,63.889,ERD_C4,47,47,2.246,2.316,0.826,3.5,13.766,15.0,5.0,22.0
2class,val,180,115,63.889,ERD_C3,56,56,2.118,1.946,0.69,3.5,14.75,17.0,5.0,21.5
2class,test,900,487,54.111,all,639,413,2.508,3.276,0.772,3.5,14.028,16.0,4.0,22.0
2class,test,900,487,54.111,ERD_C4,323,323,2.48,3.232,0.778,3.5,12.765,10.0,4.0,22.0
2class,test,900,487,54.111,ERD_C3,316,316,2.536,3.322,0.768,3.5,15.32,19.0,4.0,22.0
