subject,session,n_trials,no_erd_box_pct,any_match_pct,strongest_match_pct,any_match_pct_chance,strongest_match_pct_chance
A01,E,200.0,72.0,17.5,13.0,10.2,7.0
A01,T,260.0,77.7,11.5,9.2,6.6,5.1
A02,E,200.0,100.0,0.0,0.0,0.0,0.0
A02,T,260.0,100.0,0.0,0.0,0.0,0.0
A03,E,200.0,46.5,49.5,49.5,14.6,12.9
A03,T,260.0,48.8,50.8,50.0,15.1,12.6
A04,E,200.0,90.5,2.0,1.5,2.4,2.0
A04,T,260.0,96.9,1.2,1.2,0.9,0.9
A05,E,200.0,95.5,0.5,0.5,1.2,1.2
A05,T,260.0,79.6,6.2,6.2,5.4,5.3
A06,E,200.0,78.5,11.5,10.5,6.2,5.8
A06,T,260.0,82.7,8.1,7.3,4.9,4.3
A07,E,200.0,21.0,66.5,64.0,24.1,19.7
A07,T,260.0,26.9,51.9,46.9,22.7,18.7
A08,E,200.0,58.0,37.0,36.5,13.9,10.7
A08,T,260.0,58.5,26.5,21.2,15.0,10.4
A09,E,200.0,51.5,36.0,33.0,14.3,11.8
A09,T,260.0,55.0,35.8,33.1,15.8,11.6
all,E,1800.0,68.2,24.5,23.2,9.7,7.9
all,T,2340.0,69.6,21.3,19.4,9.6,7.7
