run_id,split,class_name,class_id,ap50,ap50_95,precision,recall,tp,fp,fn
threshold,val,ERD_C4,0,1.0,1.0,1.0,1.0,53,0,0
threshold,val,ERD_C3,1,1.0,1.0,1.0,1.0,61,0,0
threshold,val,ERD_Cz,2,1.0,1.0,1.0,1.0,43,0,0
threshold,val,ERD_lateral,3,1.0,1.0,1.0,1.0,62,0,0
threshold,val,ERS_rebound,4,1.0,1.0,1.0,1.0,90,0,0
e1_baseline,val,ERD_C4,0,0.9706165194511414,0.8921765089035034,0.864406779661017,0.9622641509433962,51,8,2
e1_baseline,val,ERD_C3,1,0.9971476793289185,0.8887268900871277,0.8970588235294118,1.0,61,7,0
e1_baseline,val,ERD_Cz,2,0.9533657431602478,0.7238834500312805,0.7777777777777778,0.9767441860465116,42,12,1
e1_baseline,val,ERD_lateral,3,0.9717651605606079,0.75766921043396,0.7176470588235294,0.9838709677419355,61,24,1
e1_baseline,val,ERS_rebound,4,0.9749939441680908,0.8106997013092041,0.8979591836734694,0.9777777777777777,88,10,2
