run_id,split,subject,n_images,n_gt_boxes,map50,map50_95,recall,precision
e1_baseline,test,A01,200,102,0.9248824119567871,0.6536319255828857,0.9117647058823529,0.788135593220339
e1_baseline,test,A02,200,59,0.9753193259239197,0.7965545654296875,1.0,0.8309859154929577
e1_baseline,test,A03,200,220,0.8404936194419861,0.6194530129432678,0.9681818181818181,0.8588709677419355
e1_baseline,test,A04,200,202,0.9214996695518494,0.6598277688026428,0.9554455445544554,0.8693693693693694
e1_baseline,test,A05,200,24,0.7916666865348816,0.5627362728118896,1.0,0.8275862068965517
e1_baseline,test,A06,200,139,0.9096032381057739,0.7003485560417175,0.9712230215827338,0.7541899441340782
e1_baseline,test,A07,200,675,0.9631874561309814,0.7861015796661377,0.9822222222222222,0.8565891472868217
e1_baseline,test,A08,200,170,0.9840916991233826,0.7732284069061279,0.9882352941176471,0.8527918781725888
e1_baseline,test,A09,200,360,0.9114716649055481,0.7746055722236633,0.9555555555555556,0.6991869918699187
e2_yolo11s,test,A01,200,102,0.905055046081543,0.6659517288208008,0.9313725490196079,0.7786885245901639
e2_yolo11s,test,A02,200,59,0.9934757947921753,0.8395536541938782,0.9830508474576272,0.90625
e2_yolo11s,test,A03,200,220,0.8566003441810608,0.6797133684158325,0.9772727272727273,0.83984375
e2_yolo11s,test,A04,200,202,0.9642245173454285,0.7941033840179443,0.9851485148514851,0.8614718614718615
e2_yolo11s,test,A05,200,24,0.906105637550354,0.7480335235595703,1.0,0.8571428571428571
e2_yolo11s,test,A06,200,139,0.9541129469871521,0.7735568881034851,0.9712230215827338,0.75
e2_yolo11s,test,A07,200,675,0.9533234238624573,0.7983596324920654,0.9674074074074074,0.8111801242236025
e2_yolo11s,test,A08,200,170,0.9755189418792725,0.7867922186851501,0.9823529411764705,0.9027027027027027
e2_yolo11s,test,A09,200,360,0.9459391832351685,0.8426496982574463,0.975,0.7282157676348547
e2_frcnn,test,A01,200,102,0.7201474905014038,0.44110289216041565,0.6862745098039216,0.6194690265486725
e2_frcnn,test,A02,200,59,0.9859632849693298,0.7006255388259888,1.0,0.7283950617283951
e2_frcnn,test,A03,200,220,0.7101261019706726,0.47922223806381226,0.8727272727272727,0.7084870848708487
e2_frcnn,test,A04,200,202,0.8874217867851257,0.5335450768470764,0.9207920792079208,0.7294117647058823
e2_frcnn,test,A05,200,24,0.3786482810974121,0.21960556507110596,0.7083333333333334,0.6538461538461539
e2_frcnn,test,A06,200,139,0.8114454746246338,0.569640040397644,0.8992805755395683,0.6684491978609626
e2_frcnn,test,A07,200,675,0.8920148611068726,0.6497177481651306,0.9185185185185185,0.7560975609756098
e2_frcnn,test,A08,200,170,0.8954983353614807,0.6237050294876099,0.9117647058823529,0.7345971563981043
e2_frcnn,test,A09,200,360,0.7855955958366394,0.6056488752365112,0.8388888888888889,0.581888246628131
