image,box_idx,class,channel,t_on,t_off,f_low,f_high,verdict
A01T_group_0020.png,0,ERS_rebound,C5,4.0,4.504,13.0,18.0,
A01T_group_0020.png,1,ERD_lateral,C6,1.544,2.08,15.0,17.0,
A01T_group_0029.png,0,ERS_rebound,C5,4.564,5.5,14.0,30.0,
A01T_group_0029.png,1,ERD_lateral,C6,0.8720000000000001,1.612,28.0,30.0,
A01T_group_0029.png,2,ERS_rebound,C6,4.708,5.5,13.0,30.0,
A01T_group_0049.png,0,ERD_Cz,Cz,1.7639999999999998,2.732,26.0,30.0,
A01T_group_0049.png,1,ERS_rebound,C4,4.856,5.5,16.0,21.0,
A01T_group_0053.png,0,ERD_C3,C3,2.712,3.3920000000000003,21.0,24.0,
A01T_group_0062.png,0,ERS_rebound,C3,4.788,5.5,17.0,21.0,
A01T_group_0062.png,1,ERD_Cz,Cz,1.048,1.7759999999999998,23.0,26.0,
A01T_group_0133.png,0,ERS_rebound,C5,4.04,4.992,14.0,18.0,
A01T_group_0181.png,0,ERS_rebound,C6,4.328,5.004,14.0,19.0,
A03T_group_0010.png,0,ERD_C4,C4,1.3439999999999999,1.884,14.0,16.0,
A03T_group_0068.png,0,ERD_C3,C3,0.5880000000000001,4.0,8.0,25.0,
A03T_group_0096.png,0,ERD_C3,C3,0.52,4.0,8.0,23.0,
A03T_group_0096.png,1,ERD_C4,C4,0.9319999999999999,1.7999999999999998,10.0,16.0,
A03T_group_0097.png,0,ERD_C3,C3,0.5,4.0,8.0,19.0,
A03T_group_0097.png,1,ERD_Cz,Cz,3.04,4.0,25.0,29.0,
A03T_group_0175.png,0,ERD_Cz,Cz,2.88,4.0,27.0,30.0,
A04T_group_0020.png,0,ERS_rebound,Cz,4.728,5.5,13.0,17.0,
A04T_group_0053.png,0,ERD_lateral,C5,1.1680000000000001,1.8439999999999999,11.0,16.0,
A04T_group_0091.png,0,ERS_rebound,Cz,4.944,5.5,13.0,18.0,
A04T_group_0092.png,0,ERD_C3,C3,0.5,1.584,16.0,19.0,
A04T_group_0108.png,0,ERS_rebound,Cz,4.144,4.884,22.0,24.0,
A04T_group_0129.png,0,ERS_rebound,Cz,4.78,5.5,21.0,30.0,
A04T_group_0175.png,0,ERD_lateral,C6,1.932,2.688,10.0,14.0,
A05T_group_0138.png,0,ERD_lateral,C5,0.696,1.6680000000000001,20.0,25.0,
A06T_group_0014.png,0,ERS_rebound,Cz,4.936,5.5,21.0,26.0,
A06T_group_0057.png,0,ERS_rebound,Cz,4.788,5.312,25.0,27.0,
A06T_group_0129.png,0,ERS_rebound,Cz,4.0,5.5,13.0,17.0,
A06T_group_0165.png,0,ERS_rebound,C5,4.636,5.5,13.0,30.0,
A06T_group_0167.png,0,ERS_rebound,C5,4.0,4.568,16.0,19.0,
A07T_group_0000.png,0,ERD_C3,C3,0.532,4.0,9.0,28.0,
A07T_group_0000.png,1,ERD_C4,C4,0.5,3.224,11.0,30.0,
A07T_group_0015.png,0,ERD_lateral,C5,0.8520000000000001,1.8159999999999998,19.0,24.0,
A07T_group_0015.png,1,ERD_C3,C3,0.5,4.0,8.0,28.0,
A07T_group_0015.png,2,ERD_Cz,Cz,1.7000000000000002,3.152,21.0,27.0,
A07T_group_0015.png,3,ERD_C4,C4,0.5,3.808,8.0,28.0,
A07T_group_0015.png,4,ERS_rebound,C4,4.664,5.5,13.0,21.0,
A07T_group_0015.png,5,ERD_lateral,C6,1.024,1.548,21.0,23.0,
A07T_group_0046.png,0,ERD_C3,C3,0.6000000000000001,4.0,9.0,29.0,
A07T_group_0046.png,1,ERD_C4,C4,0.5640000000000001,3.732,10.0,28.0,
A07T_group_0046.png,2,ERD_lateral,C6,3.3040000000000003,3.8040000000000003,22.0,24.0,
A07T_group_0046.png,3,ERS_rebound,C6,4.668,5.5,13.0,15.0,
A07T_group_0055.png,0,ERD_C3,C3,0.5,4.0,10.0,27.0,
A07T_group_0055.png,1,ERD_C4,C4,0.796,4.0,8.0,23.0,
A07T_group_0072.png,0,ERD_lateral,C5,0.992,1.6920000000000002,19.0,21.0,
A07T_group_0072.png,1,ERD_C3,C3,0.5,3.9720000000000004,10.0,30.0,
A07T_group_0072.png,2,ERD_Cz,Cz,2.424,3.6559999999999997,21.0,25.0,
A07T_group_0072.png,3,ERD_C4,C4,0.5,2.268,10.0,30.0,
A07T_group_0075.png,0,ERD_C3,C3,0.5,4.0,10.0,29.0,
A07T_group_0075.png,1,ERS_rebound,C3,4.944,5.5,13.0,16.0,
A07T_group_0075.png,2,ERD_C4,C4,0.8160000000000001,4.0,16.0,25.0,
A07T_group_0093.png,0,ERD_C3,C3,0.552,4.0,9.0,28.0,
A07T_group_0093.png,1,ERD_C4,C4,0.5720000000000001,3.2880000000000003,10.0,25.0,
A07T_group_0095.png,0,ERD_lateral,C5,1.56,2.144,16.0,18.0,
A07T_group_0095.png,1,ERD_C3,C3,0.5,4.0,11.0,30.0,
A07T_group_0095.png,2,ERD_Cz,Cz,2.764,3.7960000000000003,19.0,25.0,
A07T_group_0095.png,3,ERD_C4,C4,0.688,4.0,8.0,26.0,
A07T_group_0106.png,0,ERD_Cz,Cz,0.512,2.128,22.0,26.0,
A07T_group_0106.png,1,ERS_rebound,Cz,5.0,5.5,22.0,29.0,
A07T_group_0137.png,0,ERD_lateral,C5,2.668,3.4880000000000004,16.0,19.0,
A07T_group_0137.png,1,ERD_Cz,Cz,0.5,2.028,22.0,27.0,
A07T_group_0137.png,2,ERD_lateral,C6,0.5,1.6320000000000001,19.0,24.0,
A07T_group_0137.png,3,ERS_rebound,C6,4.572,5.424,13.0,15.0,
A07T_group_0141.png,0,ERD_C3,C3,0.6439999999999999,1.588,26.0,28.0,
A07T_group_0141.png,1,ERD_Cz,Cz,0.5,4.0,23.0,28.0,
A07T_group_0142.png,0,ERD_Cz,Cz,0.5,3.6159999999999997,22.0,30.0,
A07T_group_0142.png,1,ERS_rebound,Cz,5.0,5.5,25.0,29.0,
A08T_group_0001.png,0,ERD_Cz,Cz,1.008,3.7,18.0,23.0,
A08T_group_0001.png,1,ERD_C4,C4,0.756,3.144,8.0,24.0,
A08T_group_0001.png,2,ERD_lateral,C6,1.936,2.784,19.0,23.0,
A08T_group_0011.png,0,ERD_C4,C4,0.8280000000000001,2.228,8.0,15.0,
A08T_group_0055.png,0,ERD_lateral,C5,0.5,1.1360000000000001,8.0,11.0,
A08T_group_0055.png,1,ERD_C3,C3,0.708,1.4,8.0,12.0,
A08T_group_0065.png,0,ERD_lateral,C5,0.512,1.108,20.0,24.0,
A08T_group_0065.png,1,ERD_C3,C3,0.556,1.124,8.0,15.0,
A08T_group_0075.png,0,ERD_C3,C3,1.1400000000000001,2.588,9.0,16.0,
A08T_group_0116.png,0,ERD_Cz,Cz,0.516,1.3359999999999999,15.0,24.0,
A08T_group_0147.png,0,ERD_Cz,Cz,2.584,3.2359999999999998,19.0,22.0,
A08T_group_0198.png,0,ERD_C4,C4,2.172,2.888,26.0,30.0,
A09T_group_0012.png,0,ERD_C3,C3,0.992,2.32,8.0,30.0,
A09T_group_0012.png,1,ERD_Cz,Cz,0.76,2.068,8.0,18.0,
A09T_group_0012.png,2,ERD_C4,C4,0.6000000000000001,2.5,8.0,30.0,
A09T_group_0022.png,0,ERD_lateral,C5,2.196,2.992,8.0,14.0,
A09T_group_0022.png,1,ERD_C3,C3,1.12,2.16,8.0,30.0,
A09T_group_0022.png,2,ERD_Cz,Cz,0.5,2.412,12.0,24.0,
A09T_group_0022.png,3,ERD_C4,C4,0.6359999999999999,2.72,8.0,30.0,
A09T_group_0022.png,4,ERD_lateral,C6,0.748,2.512,16.0,25.0,
A09T_group_0029.png,0,ERD_C3,C3,1.2160000000000002,2.248,17.0,30.0,
A09T_group_0029.png,1,ERD_C4,C4,0.6479999999999999,2.504,8.0,30.0,
A09T_group_0029.png,2,ERD_lateral,C6,0.8999999999999999,2.096,18.0,25.0,
A09T_group_0062.png,0,ERD_lateral,C5,3.3040000000000003,4.0,26.0,30.0,
A09T_group_0062.png,1,ERD_C4,C4,2.724,3.5519999999999996,8.0,15.0,
A09T_group_0144.png,0,ERD_lateral,C5,3.2,4.0,9.0,17.0,
A09T_group_0144.png,1,ERD_C3,C3,3.2119999999999997,4.0,8.0,30.0,
A09T_group_0144.png,2,ERD_C4,C4,2.348,4.0,8.0,30.0,
A09T_group_0144.png,3,ERD_lateral,C6,3.3840000000000003,4.0,20.0,25.0,
